{
  "LinearDML": {
    "T_any": {
      "ATE": -0.030711693425066116,
      "ATE_lo": -0.042249418233857354,
      "ATE_hi": -0.018305770029606563,
      "ATT": -0.014576178889245334,
      "ATT_lo": -0.03020201747292275,
      "ATT_hi": 0.0036157681646017546,
      "ATC": -0.0460287398322583,
      "ATC_lo": -0.06361478599223447,
      "ATC_hi": -0.029511328299091106,
      "AUUC": 0.075539615474174,
      "Qini": 0.09357949820456453,
      "R_score": NaN,
      "policy": 0.05030641373826925,
      "treat_all": 0.07502572739297854,
      "treat_none": 0.09695010250350865,
      "pct_benefit": 59.75836431226765,
      "pct_harm": 40.24163568773234,
      "ITE_std": 0.20649059255906616,
      "ITE_IQR": 0.10239860209241164
    },
    "T_hormone": {
      "ATE": 0.006753847269573539,
      "ATE_lo": -0.006984515338382005,
      "ATE_hi": 0.020500546952267874,
      "ATT": 0.008512966315157069,
      "ATT_lo": -0.01040754054262466,
      "ATT_hi": 0.0284627137848994,
      "ATC": 0.005052663282377493,
      "ATC_lo": -0.013292029495017605,
      "ATC_hi": 0.022679358368257223,
      "AUUC": 0.13769336282418465,
      "Qini": 0.14106278497060387,
      "R_score": NaN,
      "policy": 0.04417214481491922,
      "treat_all": 0.07514496421883633,
      "treat_none": 0.0634340945200207,
      "pct_benefit": 38.051750380517504,
      "pct_harm": 61.948249619482496,
      "ITE_std": 0.1776292036207279,
      "ITE_IQR": 0.07401255118346813
    },
    "T_targeted": {
      "ATE": -0.10357843440411187,
      "ATE_lo": -0.1454466171885727,
      "ATE_hi": -0.06689231355870418,
      "ATT": -0.06322268691858066,
      "ATT_lo": -0.09271486597444392,
      "ATT_hi": -0.03635181632444795,
      "ATC": -0.1360138949999594,
      "ATC_lo": -0.20681517875574987,
      "ATC_hi": -0.07400159040111937,
      "AUUC": 0.011153048209285003,
      "Qini": 0.05799069219972186,
      "R_score": NaN,
      "policy": 0.025959959765926376,
      "treat_all": 0.03718424844421552,
      "treat_none": 0.12467039183622304,
      "pct_benefit": 67.35751295336787,
      "pct_harm": 32.64248704663213,
      "ITE_std": 0.27448602597632166,
      "ITE_IQR": 0.14688148588019176
    },
    "T_chemo": {
      "ATE": -0.0898707970870908,
      "ATE_lo": -0.13673801905662544,
      "ATE_hi": -0.04200879590853519,
      "ATT": -0.04321238796665396,
      "ATT_lo": -0.10558756778750135,
      "ATT_hi": 0.02781746367309604,
      "ATC": -0.13821059031997582,
      "ATC_lo": -0.20464244763083725,
      "ATC_hi": -0.07964927197126875,
      "AUUC": 0.14512021116207635,
      "Qini": 0.18319306662623616,
      "R_score": NaN,
      "policy": 0.039804915617031714,
      "treat_all": 0.0988497225517488,
      "treat_none": 0.16480280392470711,
      "pct_benefit": 63.27433628318584,
      "pct_harm": 36.72566371681416,
      "ITE_std": 0.355918446548834,
      "ITE_IQR": 0.28187688301535707
    }
  },
  "CausalForestDML": {
    "T_any": {
      "ATE": -0.02435446884192097,
      "ATE_lo": -0.026033860485392236,
      "ATE_hi": -0.022647286948834437,
      "ATT": -0.02605168431060212,
      "ATT_lo": -0.028654794814044624,
      "ATT_hi": -0.023565297946803555,
      "ATC": -0.022743344012955528,
      "ATC_lo": -0.024968643161451406,
      "ATC_hi": -0.020586319468715007,
      "AUUC": 0.05858104940929194,
      "Qini": 0.07662093213968246,
      "R_score": NaN,
      "policy": 0.055427745347433645,
      "treat_all": 0.07502572739297854,
      "treat_none": 0.09695010250350865,
      "pct_benefit": 82.06319702602231,
      "pct_harm": 17.936802973977695,
      "ITE_std": 0.028283407369300823,
      "ITE_IQR": 0.03279547481237289,
      "pct_sig_ITE": 9.200743494423792
    },
    "T_hormone": {
      "ATE": 0.01852988859677247,
      "ATE_lo": 0.017659502849398684,
      "ATE_hi": 0.01941461461046228,
      "ATT": 0.01790880459272779,
      "ATT_lo": 0.01656850299050108,
      "ATT_hi": 0.019168338570061276,
      "ATC": 0.019130517738408494,
      "ATC_lo": 0.017917489136491858,
      "ATC_hi": 0.02025122338071052,
      "AUUC": 0.13000229346406666,
      "Qini": 0.13337171561048589,
      "R_score": NaN,
      "policy": 0.05237407485048362,
      "treat_all": 0.07514496421883633,
      "treat_none": 0.0634340945200207,
      "pct_benefit": 5.93607305936073,
      "pct_harm": 94.06392694063926,
      "ITE_std": 0.011564740433948168,
      "ITE_IQR": 0.014941795298080736,
      "pct_sig_ITE": 0.91324200913242
    },
    "T_targeted": {
      "ATE": -0.10622445627583696,
      "ATE_lo": -0.11054055824883924,
      "ATE_hi": -0.10171665530575111,
      "ATT": -0.11059527448722999,
      "ATT_lo": -0.11712824837956044,
      "ATT_hi": -0.10437512979456477,
      "ATC": -0.10271146219939024,
      "ATC_lo": -0.1081993741264594,
      "ATC_hi": -0.09707487755915876,
      "AUUC": -0.010741609103456642,
      "Qini": 0.03609603488698021,
      "R_score": NaN,
      "policy": 0.03718424844421552,
      "treat_all": 0.03718424844421552,
      "treat_none": 0.12467039183622304,
      "pct_benefit": 100.0,
      "pct_harm": 0.0,
      "ITE_std": 0.030438446375851254,
      "ITE_IQR": 0.05380434981845665,
      "pct_sig_ITE": 61.13989637305699
    },
    "T_chemo": {
      "ATE": -0.08758342290788991,
      "ATE_lo": -0.09037329049146746,
      "ATE_hi": -0.08480515445717564,
      "ATT": -0.0896552037244602,
      "ATT_lo": -0.0935126892486119,
      "ATT_hi": -0.08582443978626467,
      "ATC": -0.08543698332315494,
      "ATC_lo": -0.08934256134467515,
      "ATC_hi": -0.08129673838674925,
      "AUUC": 0.041899295286996666,
      "Qini": 0.07997215075115649,
      "R_score": NaN,
      "policy": 0.0988497225517488,
      "treat_all": 0.0988497225517488,
      "treat_none": 0.16480280392470711,
      "pct_benefit": 100.0,
      "pct_harm": 0.0,
      "ITE_std": 0.021482951017773765,
      "ITE_IQR": 0.02798352808953837,
      "pct_sig_ITE": 27.876106194690266
    }
  }
}