{
  "LinearDML": {
    "T_any": {
      "ATE": -0.03071169342506601,
      "ATE_lo": -0.042249418233857264,
      "ATE_hi": -0.018305770029606466,
      "ATT": -0.014576178889245235,
      "ATT_lo": -0.03020201747292267,
      "ATT_hi": 0.0036157681646018422,
      "ATC": -0.04602873983225819,
      "ATC_lo": -0.06361478599223434,
      "ATC_hi": -0.029511328299091016,
      "AUUC": 0.075539615474174,
      "Qini": 0.09357949820456453,
      "policy": 0.05030641373826925,
      "treat_all": 0.07502572739297854,
      "treat_none": 0.09695010250350865,
      "pct_benefit": 59.75836431226765,
      "pct_harm": 40.24163568773234,
      "ITE_std": 0.20649059255906618,
      "ITE_IQR": 0.1023986020924115
    },
    "T_hormone": {
      "ATE": 0.006753847269573355,
      "ATE_lo": -0.0069845153383821966,
      "ATE_hi": 0.02050054695226769,
      "ATT": 0.008512966315156849,
      "ATT_lo": -0.010407540542624893,
      "ATT_hi": 0.028462713784899216,
      "ATC": 0.005052663282377341,
      "ATC_lo": -0.013292029495017768,
      "ATC_hi": 0.022679358368257067,
      "AUUC": 0.13769336282418465,
      "Qini": 0.14106278497060387,
      "policy": 0.04417214481491922,
      "treat_all": 0.07514496421883633,
      "treat_none": 0.0634340945200207,
      "pct_benefit": 38.051750380517504,
      "pct_harm": 61.948249619482496,
      "ITE_std": 0.1776292036207279,
      "ITE_IQR": 0.07401255118346846
    },
    "T_targeted": {
      "ATE": -0.10357843440411216,
      "ATE_lo": -0.14544661718857305,
      "ATE_hi": -0.06689231355870438,
      "ATT": -0.06322268691858066,
      "ATT_lo": -0.0927148659744439,
      "ATT_hi": -0.03635181632444791,
      "ATC": -0.1360138949999599,
      "ATC_lo": -0.20681517875575042,
      "ATC_hi": -0.07400159040111991,
      "AUUC": 0.011153048209285003,
      "Qini": 0.05799069219972186,
      "policy": 0.025959959765926376,
      "treat_all": 0.03718424844421552,
      "treat_none": 0.12467039183622304,
      "pct_benefit": 67.35751295336787,
      "pct_harm": 32.64248704663213,
      "ITE_std": 0.2744860259763219,
      "ITE_IQR": 0.1468814858801926
    },
    "T_chemo": {
      "ATE": -0.08987079708709195,
      "ATE_lo": -0.1367380190566266,
      "ATE_hi": -0.04200879590853619,
      "ATT": -0.04321238796665501,
      "ATT_lo": -0.10558756778750257,
      "ATT_hi": 0.027817463673094938,
      "ATC": -0.13821059031997704,
      "ATC_lo": -0.20464244763083853,
      "ATC_hi": -0.07964927197126995,
      "AUUC": 0.14512021116207635,
      "Qini": 0.18319306662623616,
      "policy": 0.039804915617031714,
      "treat_all": 0.0988497225517488,
      "treat_none": 0.16480280392470711,
      "pct_benefit": 63.27433628318584,
      "pct_harm": 36.72566371681416,
      "ITE_std": 0.3559184465488343,
      "ITE_IQR": 0.2818768830153566
    }
  },
  "CausalForestDML": {
    "T_any": {
      "ATE": -0.02435446884192098,
      "ATE_lo": -0.026033860485392243,
      "ATE_hi": -0.02264728694883445,
      "ATT": -0.026051684310602133,
      "ATT_lo": -0.028654794814044638,
      "ATT_hi": -0.023565297946803565,
      "ATC": -0.022743344012955538,
      "ATC_lo": -0.024968643161451417,
      "ATC_hi": -0.02058631946871502,
      "AUUC": 0.05858104940929194,
      "Qini": 0.07662093213968246,
      "policy": 0.055427745347433645,
      "treat_all": 0.07502572739297854,
      "treat_none": 0.09695010250350865,
      "pct_benefit": 82.06319702602231,
      "pct_harm": 17.936802973977695,
      "ITE_std": 0.02828340736930083,
      "ITE_IQR": 0.03279547481237294,
      "pct_sig_ITE": 9.200743494423792
    },
    "T_hormone": {
      "ATE": 0.018529888596772476,
      "ATE_lo": 0.017659502849398687,
      "ATE_hi": 0.01941461461046228,
      "ATT": 0.01790880459272779,
      "ATT_lo": 0.016568502990501086,
      "ATT_hi": 0.01916833857006128,
      "ATC": 0.019130517738408497,
      "ATC_lo": 0.01791748913649186,
      "ATC_hi": 0.020251223380710528,
      "AUUC": 0.13000229346406666,
      "Qini": 0.13337171561048589,
      "policy": 0.05237407485048362,
      "treat_all": 0.07514496421883633,
      "treat_none": 0.0634340945200207,
      "pct_benefit": 5.93607305936073,
      "pct_harm": 94.06392694063926,
      "ITE_std": 0.01156474043394817,
      "ITE_IQR": 0.014941795298080712,
      "pct_sig_ITE": 0.91324200913242
    },
    "T_targeted": {
      "ATE": -0.10622445627583696,
      "ATE_lo": -0.11054055824883924,
      "ATE_hi": -0.10171665530575111,
      "ATT": -0.11059527448722999,
      "ATT_lo": -0.11712824837956044,
      "ATT_hi": -0.10437512979456477,
      "ATC": -0.10271146219939024,
      "ATC_lo": -0.1081993741264594,
      "ATC_hi": -0.09707487755915875,
      "AUUC": -0.010741609103456642,
      "Qini": 0.03609603488698021,
      "policy": 0.03718424844421552,
      "treat_all": 0.03718424844421552,
      "treat_none": 0.12467039183622304,
      "pct_benefit": 100.0,
      "pct_harm": 0.0,
      "ITE_std": 0.03043844637585126,
      "ITE_IQR": 0.053804349818456707,
      "pct_sig_ITE": 61.13989637305699
    },
    "T_chemo": {
      "ATE": -0.08758342290788991,
      "ATE_lo": -0.09037329049146746,
      "ATE_hi": -0.08480515445717564,
      "ATT": -0.0896552037244602,
      "ATT_lo": -0.0935126892486119,
      "ATT_hi": -0.08582443978626467,
      "ATC": -0.08543698332315494,
      "ATC_lo": -0.08934256134467515,
      "ATC_hi": -0.08129673838674925,
      "AUUC": 0.041899295286996666,
      "Qini": 0.07997215075115649,
      "policy": 0.0988497225517488,
      "treat_all": 0.0988497225517488,
      "treat_none": 0.16480280392470711,
      "pct_benefit": 100.0,
      "pct_harm": 0.0,
      "ITE_std": 0.021482951017773772,
      "ITE_IQR": 0.027983528089538412,
      "pct_sig_ITE": 27.876106194690266
    }
  }
}